Folder,Label,Filename,Hue_Mean,Hue_Std,Saturation_Mean,Aspect_Ratio
Class_I,0,IMG_20210703_151539.png,18.53377558099202,15.219580744175877,106.16554659498208,1.7777777777777777
Class_I,0,IMG_20210703_151605.png,14.632696120458686,11.705702794109092,120.87960159682778,1.6478405315614617
Class_I,0,IMG_20210703_151609.png,13.76468267882188,11.923967862359008,110.26362348059841,1.7971014492753623
Class_I,0,IMG_20210703_151611.png,14.736002717077119,11.623940141571543,122.4199979766447,1.7777777777777777
Class_I,0,IMG_20210703_151624.png,14.795104518458134,12.407656164247227,118.11224088738791,1.7906137184115523
Class_I,0,IMG_20210703_151659.png,17.821864221951714,15.33511462328396,90.68462162710489,1.559748427672956
Class_I,0,IMG_20210703_151705.png,18.228830645161292,15.249076962005457,94.144521440989,1.4850299401197604
Class_I,0,IMG_20210703_151712.png,16.53726940121612,15.083385486077399,91.1927818715861,1.584664536741214
Class_I,0,IMG_20210703_151732.png,19.11025841137704,15.289082813577515,86.5048849577986,1.7777777777777777
Class_I,0,IMG_20210703_151739.png,18.917129147878367,16.089115848365985,89.03320470574633,1.7777777777777777
Class_I,0,IMG_20210703_151742.png,19.343435657301423,16.12499498686222,86.60894323043127,1.7777777777777777
Class_I,0,IMG_20210703_151750.png,20.303590010405827,16.4144723554857,91.4711166030755,1.7777777777777777
Class_I,0,IMG_20210703_151802.png,14.011533125216788,11.778022525493213,109.65034975141634,1.7777777777777777
Class_I,0,IMG_20210703_151812.png,15.17371227887617,11.117260777026646,126.56817262111227,1.7777777777777777
Class_I,0,IMG_20210703_151819.png,13.996894271821631,11.299408454613312,116.87732744307401,1.8235294117647058
Class_I,0,IMG_20210703_151825.png,13.642740490230084,11.45790327988614,111.59086310556134,1.7777777777777777
Class_I,0,IMG_20210703_151856.png,18.05638440860215,14.798081132601913,97.06117607526882,1.6533333333333333
Class_I,0,IMG_20210703_151909.png,19.48935123600488,15.898011475606555,106.50915225584747,1.70446735395189
Class_I,0,IMG_20210703_151916.png,19.835028349664206,15.78139337083224,107.7715581305736,1.6928327645051195
Class_I,0,IMG_20210703_151922.png,19.550512205754142,16.34821715613134,97.10500217959896,1.6756756756756757
Class_I,0,IMG_20210703_151931.png,14.870476154918359,14.022133912271796,91.70596251493428,1.5308641975308641
Class_I,0,IMG_20210703_151939.png,13.815359352809901,13.860285435942275,93.22687791641306,1.559748427672956
Class_I,0,IMG_20210703_151946.png,15.446888175311305,14.79117345369575,92.68417859594078,1.5075987841945289
Class_I,0,IMG_20210703_151954.png,15.020476697011675,14.743702933212314,98.07137467840887,1.521472392638037
Class_I,0,IMG_20210703_152013.png,15.983239247311827,13.300963613801217,106.2999193548387,1.6533333333333333
Class_I,0,IMG_20210703_152017.png,15.020435888542028,12.867150007171473,105.34652127413574,1.7777777777777777
Class_I,0,IMG_20210703_152020.png,15.41334547346514,13.47541152465853,102.2778941207076,1.6
Class_I,0,IMG_20210703_152024.png,15.542220113851993,13.26118293311804,102.57587497364537,1.6209150326797386
Class_I,0,IMG_20210703_152027.png,14.735512583641267,13.083582366886372,98.99853939878159,1.5356037151702786
Class_I,0,IMG_20210703_152033.png,13.981757284079084,12.775997711157068,103.40679630593132,1.6
Class_I,0,IMG_20210703_152059.png,16.340557795698924,14.080700280800839,105.55035966746316,1.5308641975308641
Class_I,0,IMG_20210703_152106.png,17.254915870171246,14.198497849304816,105.80799482277978,1.5308641975308641
Class_I,0,IMG_20210703_152113.png,15.598869987253652,14.068606330563846,97.50586454554369,1.5075987841945289
Class_I,0,IMG_20210703_152126.png,15.58927651241884,14.173763250933357,97.21126842213748,1.584664536741214
Class_I,0,IMG_20210703_152137.png,18.795938505019006,16.615732150316546,81.87479290517493,1.498489425981873
Class_I,0,IMG_20210703_152144.png,18.826478086086873,16.399816888584493,82.78923178743014,1.5075987841945289
Class_I,0,IMG_20210703_152200.png,20.62314805085636,17.202419048754997,91.59750315225386,1.6156351791530945
Class_I,0,IMG_20210703_152207.png,19.432015853792798,17.432166371283103,92.4510211383904,1.6928327645051195
Class_I,0,IMG_20210703_152212.png,18.939670675508598,17.42181548351075,94.52745307406991,1.7282229965156795
Class_I,0,IMG_20210703_152226.png,20.16768817204301,17.00296025869252,91.47144489247312,1.6533333333333333
Class_I,0,IMG_20210703_152231.png,18.33111093367401,16.940165706399362,88.50919567763228,1.636963696369637
Class_I,0,IMG_20210703_152235.png,18.85211900482452,16.9029514372818,90.81203292025353,1.4545454545454546
Class_I,0,IMG_20210703_152242.png,18.029058272632675,16.8303488094761,91.27438215400625,1.6
Class_I,0,IMG_20210703_152252.png,18.797970181202707,15.196113136329224,97.55650139386698,1.5308641975308641
Class_I,0,IMG_20210703_152313.png,15.3579756697649,13.297687890324957,109.97590213231274,1.6813559322033897
Class_I,0,IMG_20210703_152319.png,15.9943614489688,13.463041687332563,114.54318482284505,1.6262295081967213
Class_I,0,IMG_20210703_152343.png,15.730597467915366,13.299494054893604,107.0775378656492,1.7777777777777777
Class_I,0,IMG_20210703_152352.png,15.296725054919644,13.011539086858797,99.81312868539716,1.7777777777777777
Class_I,0,IMG_20210703_152359.png,15.061741241762054,12.127546428556556,108.01125852699734,1.7777777777777777
Class_I,0,IMG_20210703_152410.png,14.171385420279801,12.125373674885322,108.76379494739277,1.7777777777777777
Class_I,0,IMG_20210703_152417.png,15.300930743438547,12.548368104524952,109.99494161174702,1.7777777777777777
Class_I,0,IMG_20210703_152422.png,15.237325124291825,13.41753399780002,96.18140825528963,1.7777777777777777
Class_I,0,IMG_20210703_152433.png,15.754978899294716,12.952065685904556,101.7252789339808,1.7777777777777777
Class_I,0,IMG_20210703_152440.png,13.993409642733264,12.69806544009258,98.42784570470575,1.7777777777777777
Class_I,0,IMG_20210703_152457.png,16.366718695802984,13.763467573800463,101.75554254827148,1.7777777777777777
Class_I,0,IMG_20210703_152503.png,15.415687272927446,13.774531457085464,96.16523312782121,1.6928327645051195
Class_I,0,IMG_20210703_152508.png,13.69645334720777,13.128951684016602,98.43721094924268,1.7777777777777777
Class_I,0,IMG_20210703_152512.png,13.932694531159672,13.061814711653284,99.89903457047058,1.7777777777777777
Class_I,0,IMG_20210703_152521.png,15.691009303093692,12.513061482841414,111.67784597599912,1.6928327645051195
Class_I,0,IMG_20210703_152533.png,15.881758011460102,13.400002430972087,106.30452169991511,1.631578947368421
Class_I,0,IMG_20210703_152550.png,16.639737964506324,13.387957658129901,109.59510736346701,1.5075987841945289
Class_I,0,IMG_20210703_152600.png,16.195228494623656,14.976783461212447,78.89775612305854,1.5308641975308641
Class_I,0,IMG_20210703_152608.png,17.030197274397715,16.145099913019582,81.45018374846876,1.5696202531645569
Class_I,0,IMG_20210703_152617.png,17.941185929151,15.526665671093955,77.38846972095784,1.521472392638037
Class_I,0,IMG_20210703_152624.png,18.78401463202627,15.561034479184551,91.91547952482132,1.4850299401197604
Class_I,0,IMG_20210703_152632.png,17.063918757467146,14.552055429388748,89.32581640780566,1.5308641975308641
Class_I,0,IMG_20210703_152642.png,17.086718060594176,14.262657482053125,90.12221173644475,1.5075987841945289
Class_I,0,IMG_20210703_152653.png,16.97783494953493,14.343884931655866,89.5330496734613,1.521472392638037
Class_I,0,IMG_20210703_152659.png,16.30539177468083,15.629748331660007,73.31058741838028,1.498489425981873
Class_I,0,IMG_20210703_152705.png,17.44665109034268,17.015705925871004,70.02987765048739,1.5451713395638629
Class_I,0,IMG_20210703_152712.png,17.20608457402812,13.083350838403542,110.57881642886683,1.5897435897435896
Class_I,0,IMG_20210703_152714.png,16.882199439487533,13.448072853197734,108.70918411118737,1.7588652482269505
Class_I,0,IMG_20210703_152718.png,17.40380279074703,13.056566953082557,118.32570431876061,1.631578947368421
Class_I,0,IMG_20210703_152724.png,17.91328125,12.647612395786153,122.42988911290323,1.55
Class_I,0,IMG_20210703_152731.png,16.351164874551973,13.55423928654511,105.08532386072709,1.5746031746031746
Class_I,0,IMG_20210703_152735.png,16.5419062277399,13.562227704192075,104.34555306807775,1.5646687697160884
Class_I,0,IMG_20210703_152742.png,16.965386522601523,13.064150907582928,116.36228990500052,1.6051779935275081
Class_I,0,IMG_20210703_152751.png,17.797648514851485,14.550519032895169,102.96639784946237,1.636963696369637
Class_I,0,IMG_20210703_152756.png,18.51810117302053,14.768754493784572,102.73720674486803,1.8036363636363637
Class_I,0,IMG_20210703_152800.png,19.066431090299456,15.076581280920688,101.89716296681698,1.7777777777777777
Class_I,0,IMG_20210703_152805.png,18.72454908081859,13.839661147398376,114.46890536478206,1.7777777777777777
Class_I,0,IMG_20210703_152813.png,19.247889929471615,13.938106039769533,111.68674846803098,1.7777777777777777
Class_I,0,IMG_20210703_152821.png,17.04704771035416,12.254162757007649,134.9332915068802,1.7342657342657342
Class_I,0,IMG_20210703_152828.png,15.419667811808548,12.444233170157553,118.8658073250262,1.7906137184115523
Class_I,0,IMG_20210703_152838.png,15.205940380184332,12.074723814948106,128.74210109447006,1.7714285714285714
Class_I,0,IMG_20210703_152846.png,14.963896223166111,12.380677856102217,119.1865098725749,1.7651245551601424
Class_I,0,IMG_20210703_152855.png,15.147825715262737,12.558441015115692,118.98045850906189,1.7526501766784452
Class_I,0,IMG_20210703_152901.png,15.2288609628911,12.819322532434725,112.4357264128062,1.8646616541353382
Class_I,0,IMG_20210703_152905.png,15.790322580645162,12.908143528295351,116.00700379152624,1.8507462686567164
Class_I,0,IMG_20210703_152915.png,15.70154455986878,12.785411499215604,117.37541689447785,1.6813559322033897
Class_I,0,IMG_20210703_152927.png,15.91846694082461,14.481398898096785,96.27767838068789,1.6423841059602649
Class_I,0,IMG_20210703_152931.png,15.879600091874234,14.243404960351764,99.46077480604329,1.5696202531645569
Class_I,0,IMG_20210703_152936.png,18.102177924967137,15.232312394814148,96.85649458994843,1.554858934169279
Class_I,0,IMG_20210703_152950.png,14.980610969628373,12.381286222487175,98.56819468024901,1.4502923976608186
Class_I,0,IMG_20210703_152953.png,14.409564862457946,12.512252941525656,93.10378116960221,1.521472392638037
Class_I,0,IMG_20210703_152959.png,14.42311002641011,12.255419689168324,95.8228636106395,1.4502923976608186
Class_I,0,IMG_20210703_153012.png,14.899024531581997,12.410247336606293,98.33750845084026,1.4850299401197604
Class_I,0,IMG_20210703_153016.png,15.0449886517288,12.238094470561775,100.33060894340352,1.4850299401197604
Class_I,0,IMG_20210703_153024.png,13.74139825188333,11.808485358378151,97.04181355031872,1.4850299401197604
Class_I,0,IMG_20210703_153039.png,17.861762602347834,14.834719109680023,84.40035883397455,1.5168195718654434
Class_I,0,IMG_20210703_153044.png,17.545845992315254,16.3521275833635,72.51739679206506,1.373961218836565
Class_I,0,IMG_20210703_153051.png,19.376805138784697,16.053676659810304,81.75243810952738,1.441860465116279
Class_I,0,IMG_20210703_153055.png,19.217350746268657,15.647282258933878,79.68551998074146,1.480597014925373
Class_I,0,IMG_20210703_153101.png,17.449671658986176,14.823602637978729,89.23871543778802,1.417142857142857
Class_I,0,IMG_20210703_153114.png,17.21344506048387,15.589892192866099,78.33142641129032,1.55
Class_I,0,IMG_20210703_153118.png,19.043413173652695,15.698287902604477,83.97103172686884,1.4850299401197604
Class_I,0,IMG_20210703_153125.png,14.33506374348078,15.37050847943405,62.52486961560749,1.4850299401197604
Class_I,0,IMG_20210703_153130.png,13.941278732856867,15.130045768582299,61.67029650376666,1.4850299401197604
Class_I,0,IMG_20210703_153138.png,14.685761541433262,15.544880132335823,69.36341027622176,1.4850299401197604
Class_I,0,IMG_20210703_153146.png,14.844486297906766,12.139002374142493,99.50285038932147,1.554858934169279
Class_I,0,IMG_20210703_153149.png,15.317505561735262,11.976885390426828,101.33789627363737,1.710344827586207
Class_I,0,IMG_20210703_153158.png,13.816205837173579,11.739765554803377,98.24231310803891,1.5746031746031746
Class_I,0,IMG_20210703_153206.png,14.912644439094848,12.387255396447653,97.33942585459798,1.480597014925373
Class_I,0,IMG_20210703_153211.png,13.423649513568868,12.247586994713837,93.77859703020994,1.5746031746031746
Class_I,0,IMG_20210703_153217.png,15.095680699835976,11.77174025850867,101.51314926189174,1.6813559322033897
Class_I,0,IMG_20210703_153225.png,18.04090317476521,15.7665138723994,79.54446330134749,1.5696202531645569
Class_I,0,IMG_20210703_153235.png,18.961601004759387,15.794487994434123,77.90249206768905,1.6262295081967213
Class_I,0,IMG_20210703_153248.png,20.766846178826587,16.94562900804155,76.60012313271271,1.6644295302013423
Class_I,0,IMG_20210703_153251.png,20.8297193877551,16.766155787199992,74.93465410357692,1.6870748299319729
Class_I,0,IMG_20210703_153306.png,19.66492726122707,16.631036301725256,82.6530413240565,1.6209150326797386
Class_I,0,IMG_20210703_153317.png,19.849104895904826,17.04202585428171,76.04794383436284,1.7588652482269505
Class_I,0,IMG_20210703_153322.png,19.94809867831541,16.959876155761197,71.58633652553763,1.7222222222222223
Class_I,0,IMG_20210703_153330.png,17.819596196092032,16.61882554837149,70.46378194010869,1.7777777777777777
Class_I,0,IMG_20210703_153335.png,19.62287108053237,17.23316565068235,72.60551545228965,1.7342657342657342
Class_I,0,IMG_20210703_153405.png,18.68892650639075,15.311682048043206,76.7494293974437,1.559748427672956
Class_I,0,IMG_20210703_153409.png,18.99026252573782,15.148273507517722,80.12444234728895,1.5075987841945289
Class_I,0,IMG_20210703_153429.png,16.9481603627744,15.600152260725363,76.89572168401526,1.584664536741214
Class_I,0,IMG_20210703_153440.png,17.813954675377705,14.67002365220643,80.8671141282156,1.5696202531645569
Class_I,0,IMG_20210703_153444.png,18.036367618262393,15.18741702745587,76.86897093682366,1.584664536741214
Class_I,0,IMG_20210703_153451.png,16.29162372462125,14.165178854996677,83.18989616613419,1.584664536741214
Class_I,0,IMG_20210703_153508.png,17.481737334256877,15.208890434487454,82.52780526419949,1.521472392638037
Class_I,0,IMG_20210703_153515.png,16.54580355418196,14.77241686538987,84.1828641104887,1.4850299401197604
Class_I,0,IMG_20210703_153522.png,15.87875137321482,14.565348578593087,84.35220463397583,1.5356037151702786
Class_I,0,IMG_20210703_153532.png,16.326950936836006,15.029979985740093,75.9402767046552,1.4850299401197604
Class_I,0,IMG_20210703_153540.png,16.425333485494015,15.272781030700106,78.8429828565632,1.559748427672956
Class_I,0,IMG_20210703_153543.png,15.256386495692245,15.406716708683419,71.6043378080545,1.5403726708074534
Class_I,0,IMG_20210703_153552.png,15.36364435735102,14.376903979896687,81.40731459149835,1.5451713395638629
Class_I,0,IMG_20210703_153555.png,15.180297727733821,14.385160785134739,81.3225933252181,1.559748427672956
Class_I,0,IMG_20210703_153618.png,15.398182456650199,12.707735652848688,88.54963431173108,1.4894894894894894
Class_I,0,IMG_20210703_153635.png,16.03872703482162,12.895917110341369,95.46989825891903,1.6423841059602649
Class_I,0,IMG_20210703_153640.png,16.603063994153878,13.609724681868157,93.29327174026517,1.6051779935275081
Class_I,0,IMG_20210703_153649.png,18.448233668086832,15.806207475705172,77.43409540474741,1.559748427672956
Class_I,0,IMG_20210703_153708.png,18.698286893954027,14.994314821838747,76.49322725516708,1.4850299401197604
Class_I,0,IMG_20210703_153715.png,19.18795648204504,15.638550087746623,80.29319461351187,1.559748427672956
Class_I,0,IMG_20210703_153732.png,17.60594247652103,15.047954180815685,67.83974964271131,1.5696202531645569
Class_I,0,IMG_20210703_153736.png,17.5055910543131,14.990213997283549,69.35865196331032,1.584664536741214
Class_I,0,IMG_20210703_153742.png,17.54527594558384,15.353238329721506,74.45308152117902,1.584664536741214
Class_I,0,IMG_20210703_153758.png,22.02785982124512,17.41339450020585,70.38016873844258,1.5796178343949046
Class_I,0,IMG_20210703_153816.png,16.62007786429366,14.364062559339546,89.84662819799777,1.710344827586207
Class_I,0,IMG_20210703_153821.png,16.447612851695354,14.700154155728171,86.8168414407915,1.584664536741214
Class_I,0,IMG_20210703_153825.png,16.63138977635783,14.32676142417295,89.66984437802742,1.584664536741214
Class_I,0,IMG_20210703_153829.png,16.75849555061179,14.500646445842012,86.95666713014461,1.710344827586207
Class_I,0,IMG_20210703_153835.png,14.382072554879935,14.29444260929945,77.49502086983408,1.584664536741214
Class_I,0,IMG_20210703_153848.png,17.479484437802743,15.523273598090212,87.13718051118211,1.584664536741214
Class_I,0,IMG_20210703_153852.png,18.333767126982416,15.36919728875288,96.01496925234653,1.6588628762541806
Class_I,0,IMG_20210703_153917.png,18.050444938820913,14.788462035256204,101.0634872080089,1.710344827586207
Class_I,0,IMG_20210703_153927.png,18.186132415971127,14.666616098792822,97.4063134446199,1.7342657342657342
Class_I,0,IMG_20210703_153934.png,17.717368578255677,14.97365532567168,90.45290947105464,1.67003367003367
Class_I,0,IMG_20210703_153948.png,18.591454609851787,15.733299491371795,88.55540949215344,1.6756756756756757
Class_I,0,IMG_20210703_153955.png,18.49355789073531,15.50458556884397,89.44546947974368,1.67003367003367
Class_I,0,IMG_20210703_154004.png,18.47330523890371,15.450116006838043,90.9707737084647,1.8646616541353382
Class_I,0,IMG_20210703_154015.png,17.872990017702595,15.102405524956698,89.13517899291897,1.5121951219512195
Class_I,0,IMG_20210703_154018.png,18.315250438008864,15.06207376132496,86.66601180047408,1.584664536741214
Class_I,0,IMG_20210703_154023.png,15.699292222980217,14.770131314673593,82.02319462040737,1.498489425981873
Class_I,0,IMG_20210703_154033.png,16.19734663018433,14.091504792340215,91.55981182795699,1.4761904761904763
Class_I,0,IMG_20210703_154037.png,16.437926121909026,14.724345947560108,84.40777958685256,1.5646687697160884
Class_I,0,IMG_20210703_154042.png,18.359006734006734,15.024494764767455,89.71235880308461,1.67003367003367
Class_I,0,IMG_20210703_154148.png,17.091563367473917,14.715363930920672,87.09548195654254,1.4718100890207715
Class_I,0,IMG_20210703_154211.png,15.655784502318241,14.114348391898664,69.37702229456447,1.5168195718654434
Class_I,0,IMG_20210703_154218.png,17.116295884315907,13.549333242989583,75.48784760845383,1.710344827586207
Class_I,0,IMG_20210703_154223.png,14.901134145207772,14.007150845657328,70.41829738774751,1.4293948126801153
Class_I,0,IMG_20210703_154247.png,17.170761299980683,14.674170744006181,79.50400811280664,1.4850299401197604
Class_I,0,IMG_20210703_154300.png,18.731673904052936,15.757432163688597,73.90045362903226,1.5897435897435896
Class_I,0,IMG_20210703_154306.png,19.307456328367806,16.183161417120346,76.61088709677419,1.6478405315614617
Class_I,0,IMG_20210703_154318.png,18.39754881154499,15.400209702097735,82.71910812818336,1.631578947368421
Class_I,0,IMG_20210703_154337.png,18.525884495317378,15.112024662836408,78.71735822060354,1.6
Class_I,0,IMG_20210703_154352.png,17.44854710701485,14.841783861663046,78.53021633384536,1.5746031746031746
Class_I,0,IMG_20210703_154422.png,16.21854981697552,12.42462810243395,99.42091340654312,1.7588652482269505
Class_I,0,IMG_20210703_154425.png,14.912986549220332,12.657601956739677,95.35201166527794,1.830258302583026
Class_I,0,IMG_20210703_154448.png,13.57663260481244,11.318491022820416,90.798577545445,1.6156351791530945
Class_I,0,IMG_20210703_154454.png,14.281516281192939,11.255086886885582,99.64027946845202,1.559748427672956
Class_I,0,IMG_20210703_154505.png,13.250684151893829,11.526546626817142,91.75482538990603,1.4894894894894894
Class_I,0,IMG_20210703_154514.png,13.124169110459434,11.752127567566799,90.25546187683284,1.503030303030303
Class_I,0,IMG_20210703_154525.png,17.937102260258943,12.861798072883145,103.82495336844416,1.6870748299319729
Class_I,0,IMG_20210703_154528.png,17.34683899769585,12.534799518358387,109.01067828341014,1.7714285714285714
Class_I,0,IMG_20210703_154535.png,16.54185644625442,13.054232822409968,93.92344737970207,1.6478405315614617
Class_I,0,IMG_20210703_154542.png,15.692129391822478,13.18065445806795,86.48267670022601,1.5796178343949046
Class_I,0,IMG_20210703_154754.png,17.796058792924036,12.952457192289168,100.36919875130073,1.6
Class_I,0,IMG_20210703_154814.png,17.410898106352526,13.234953312354127,99.42772899922933,1.6928327645051195
Class_I,0,IMG_20210703_154827.png,18.90882616487455,15.442817962532073,81.71736391129032,1.7222222222222223
Class_I,0,IMG_20210703_154854.png,15.526145395044413,12.888473814945394,91.03376577840112,1.4376811594202898
Class_I,0,IMG_20210703_154859.png,16.802883128929196,12.796158167622657,94.55871895290116,1.584664536741214
Class_I,0,IMG_20210703_154914.png,16.308698756720432,13.35385273997682,100.8607890905018,1.7222222222222223
Class_I,0,IMG_20210703_154921.png,17.69895022246941,12.552228108532102,114.87823971078977,1.710344827586207
Class_I,0,IMG_20210703_155113.png,21.170715907767555,15.974640650031255,99.65572231279842,1.7906137184115523
Class_I,0,IMG_20210703_155136.png,14.109410495229442,10.969195981860647,122.28022063834621,1.7464788732394365
Class_I,0,IMG_20210703_155142.png,13.976729327578374,11.158902113007013,120.07639283280326,1.7464788732394365
Class_I,0,IMG_20210703_155154.png,14.181494207178556,11.672987272565756,109.70991168786915,1.7464788732394365
Class_I,0,IMG_20210703_155202.png,12.201195551674543,11.54300549317055,101.73575868091227,1.5796178343949046
Class_I,0,IMG_20210703_155210.png,14.257808950477056,10.757594752478258,123.01988442753294,1.7464788732394365
Class_II,1,IMG_20210703_155501.png,15.02243479752917,15.883829939024114,70.36338938458019,1.7588652482269505
Class_II,1,IMG_20210703_155504.png,14.320537723716644,16.115588945906016,64.49239765298468,1.6478405315614617
Class_II,1,IMG_20210703_155515.png,12.344501678165207,13.706156340604212,67.43090387842625,1.4335260115606936
Class_II,1,IMG_20210703_155528.png,13.038748526417319,14.082084036987165,68.3738144357518,1.6478405315614617
Class_II,1,IMG_20210703_155532.png,12.754420748044154,14.789468519000208,59.37913272961097,1.6478405315614617
Class_II,1,IMG_20210703_155540.png,12.621711231379273,14.122939355556094,62.65523523738077,1.6478405315614617
Class_II,1,IMG_20210703_155544.png,13.12964848354946,14.592698885384916,62.37717018540349,1.6478405315614617
Class_II,1,IMG_20210703_155549.png,12.388376111885114,14.218960979208866,60.11372039438431,1.6478405315614617
Class_II,1,IMG_20210703_155559.png,10.373883374689827,15.3058094942489,38.37841811414392,1.5261538461538462
Class_II,1,IMG_20210703_155605.png,15.085506587914585,16.366869018881257,59.55254997728305,1.3971830985915492
Class_II,1,IMG_20210703_155608.png,16.474379945222154,16.93715231851182,59.29240844998986,1.559748427672956
Class_II,1,IMG_20210703_155615.png,14.937398060891628,16.230853791335115,58.79259922073215,1.3932584269662922
Class_II,1,IMG_20210703_155626.png,18.960434305004824,18.470490198728584,73.27098515700354,1.6478405315614617
Class_II,1,IMG_20210703_155633_Burst01.png,17.994460668738615,18.235408711461773,71.74376406601651,1.6478405315614617
Class_II,1,IMG_20210703_155633_Burst02.png,17.881061783302968,18.119174257312054,71.99650359018327,1.6478405315614617
Class_II,1,IMG_20210703_155633_Burst03.png,17.8172891437145,18.03067536397074,72.22502277355053,1.6478405315614617
Class_II,1,IMG_20210703_155746.png,17.186220662308433,17.991018336689272,67.54182295573894,1.6478405315614617
Class_II,1,IMG_20210703_155750.png,17.24111161719001,18.137680931455783,65.39638034508627,1.6478405315614617
Class_II,1,IMG_20210703_155827.png,13.99233870967742,14.662312951344248,67.0934280211844,1.480597014925373
Class_II,1,IMG_20210703_155835.png,16.008671377710648,14.53104525096745,75.08803538677311,1.6588628762541806
Class_II,1,IMG_20210703_155840.png,14.687071795603769,14.746394630070343,63.40160814539918,1.463126843657817
Class_II,1,IMG_20210703_155858.png,13.43988617803185,12.957133602602898,84.55401439363006,1.5696202531645569
Class_II,1,IMG_20210703_155902.png,12.304690011788662,12.915402567732402,77.55264709034401,1.6478405315614617
Class_II,1,IMG_20210703_155906.png,14.203294127103204,11.980914994584777,87.05802566713106,1.6478405315614617
Class_II,1,IMG_20210703_155909.png,11.571549137284322,12.66933732450596,71.54746275854679,1.6478405315614617
Class_II,1,IMG_20210703_155913.png,11.872689154431464,12.91593160671577,69.85219965705713,1.6478405315614617
Class_II,1,IMG_20210703_155916.png,12.481982102668525,12.996719455912357,76.96945664987676,1.6478405315614617
Class_II,1,IMG_20210703_155933.png,12.198310738398886,13.137644231219504,76.42784803343693,1.6478405315614617
Class_II,1,IMG_20210703_160002.png,14.520194780838066,13.51057615922091,83.91538956167614,1.6478405315614617
Class_II,1,IMG_20210703_160005.png,13.72675088414961,13.172427477031405,80.89304468974386,1.6478405315614617
Class_II,1,IMG_20210703_160016.png,12.347872682456329,12.653425820861532,67.715752598864,1.6478405315614617
Class_II,1,IMG_20210703_160026.png,13.612045868610009,12.703622750097061,82.02495713214017,1.6478405315614617
Class_II,1,IMG_20210703_160038.png,13.017971010609795,12.640011812337367,72.47105749651699,1.6478405315614617
Class_II,1,IMG_20210703_160046.png,15.246871985853605,13.306180107320433,90.5167653520523,1.6478405315614617
Class_II,1,IMG_20210703_160048.png,14.946247722644946,14.08974054009256,88.05662576358375,1.6478405315614617
Class_II,1,IMG_20210703_160053.png,15.594389668845784,14.39862898671057,87.39279016182617,1.6478405315614617
Class_II,1,IMG_20210703_160100.png,16.123914907298253,15.16039118816831,74.2394638838281,1.6478405315614617
Class_II,1,IMG_20210703_160105.png,15.439087450434037,14.08671161388528,84.62252170185404,1.6478405315614617
Class_II,1,IMG_20210703_160107.png,15.427426052941806,14.19129551063983,84.42774086378738,1.6478405315614617
Class_II,1,IMG_20210703_160110.png,15.25799753509806,14.120551213843688,85.42253643768085,1.6478405315614617
Class_II,1,IMG_20210703_160123.png,13.832850128854528,13.828537252802299,72.3522949435706,1.3663911845730028
Class_II,1,IMG_20210703_160128.png,13.4837816102225,13.842311615633019,72.39477035117505,1.373961218836565
Class_II,1,IMG_20210703_160137.png,11.206015026688327,11.650602778518127,74.97874361800882,1.7841726618705036
Class_II,1,IMG_20210703_160149.png,12.804143492769745,11.072757888557348,87.92623053392659,1.710344827586207
Class_II,1,IMG_20210703_160154.png,13.080357142857142,11.325029048493484,91.10682419845082,1.5075987841945289
Class_II,1,IMG_20210703_160159.png,12.40107063403782,11.254040874554095,84.00325361512792,1.710344827586207
Class_II,1,IMG_20210703_160206.png,13.530989172118204,11.587312162433031,91.15584113467177,1.7342657342657342
Class_II,1,IMG_20210703_160217.png,14.658297829174275,11.85435684231821,87.76756821870562,1.559748427672956
Class_II,1,IMG_20210703_160222.png,15.2453641104887,12.102415332254028,92.23606818620823,1.4850299401197604
Class_II,1,IMG_20210703_160225.png,15.112767306995288,12.049222453214766,93.3917180137731,1.857677902621723
Class_II,1,IMG_20210703_160230.png,15.926936323924732,12.218359525431275,90.51106770833333,1.7222222222222223
Class_II,1,IMG_20210703_160238.png,16.813667964404896,12.750781325920942,90.42839265850945,1.710344827586207
Class_II,1,IMG_20210703_160244.png,16.756216397849464,14.264666982625814,73.21945564516129,1.6533333333333333
Class_II,1,IMG_20210703_160249.png,14.180917725075869,12.179690799338534,83.28605850286614,1.7282229965156795
Class_II,1,IMG_20210703_160300.png,23.110419189695033,18.872296326617207,70.79661180226798,1.6928327645051195
Class_II,1,IMG_20210703_160307.png,22.571886782572268,17.498756714796556,79.24485494344366,1.6103896103896105
Class_II,1,IMG_20210703_160312.png,21.78759305210918,17.41996145190219,76.23756203473945,1.5261538461538462
Class_II,1,IMG_20210703_160331.png,22.78842504743833,19.179488606287958,66.63821297019757,1.7162629757785468
Class_II,1,IMG_20210703_160341.png,17.62471113940766,14.796951046758593,74.99513653084324,1.4502923976608186
Class_II,1,IMG_20210703_160345.png,17.621616898032556,14.421402764199073,74.78250773993808,1.5356037151702786
Class_II,1,IMG_20210703_160347.png,18.5359936346963,14.385349770386476,77.98865843133024,1.6588628762541806
Class_II,1,IMG_20210703_160403.png,20.2196394686907,15.256601120458475,86.48192974133626,1.5356037151702786
Class_II,1,IMG_20210703_160406.png,19.23722538932147,15.47515623619864,82.14144767334075,1.4252873563218391
Class_II,1,IMG_20210703_160411.png,18.90261244888687,14.852479573044533,77.46823602907769,1.3971830985915492
Class_II,1,IMG_20210703_160413.png,19.43876965087791,14.783432269549458,80.6151043793385,1.5696202531645569
Class_II,1,IMG_20210703_160417.png,17.991612386269644,14.655451724729483,77.3512200165426,1.5897435897435896
Class_II,1,IMG_20210703_160426.png,21.671822633012148,17.031608328674576,75.46984970674487,1.6103896103896105
Class_II,1,IMG_20210703_160430.png,18.793052887046212,16.703320657773233,63.21357063403782,1.554858934169279
Class_II,1,IMG_20210703_160436.png,20.50261709057072,17.666371171335932,58.07529466501241,1.5897435897435896
Class_II,1,IMG_20210703_160440.png,21.292967468562054,17.55056904434278,62.750990978676874,1.6813559322033897
Class_II,1,IMG_20210703_160443.png,21.309734844701886,18.007090484294757,71.45829796264856,1.5356037151702786
Class_II,1,IMG_20210703_160452.png,21.478059772296014,18.61960851449406,69.64566064116649,1.5356037151702786
Class_II,1,IMG_20210703_160455.png,22.336860017756734,18.863485163981533,74.34744623655914,1.5168195718654434
Class_II,1,IMG_20210703_160457.png,22.211516908683365,19.065410297111995,73.37322142091413,1.498489425981873
Class_II,1,IMG_20210703_160502.png,18.905913978494624,17.133541047051203,59.63276857058301,1.5168195718654434
Class_II,1,IMG_20210703_160511.png,18.220934139784948,18.085736799552944,49.569498516870595,1.4252873563218391
Class_II,1,IMG_20210703_160520.png,18.317150204733846,16.086804813643486,78.66059123139918,1.5356037151702786
Class_II,1,IMG_20210703_160523.png,18.748988775407017,16.450780084069923,78.95340150672465,1.554858934169279
Class_II,1,IMG_20210703_160527.png,20.356205576817935,16.86545359346886,79.05889147074905,1.6813559322033897
Class_II,1,IMG_20210703_160531.png,17.269118895435934,16.045892006127037,73.9683099470688,1.5356037151702786
Class_II,1,IMG_20210703_160534.png,17.791634773100053,15.352031724889951,78.5369600874795,1.6813559322033897
Class_II,1,IMG_20210703_160537.png,18.1953125,15.365798301492486,80.29346955128206,1.5897435897435896
Class_II,1,IMG_20210703_160539.png,19.09577905293631,16.08546537427028,83.79570538668321,1.5897435897435896
Class_II,1,IMG_20210703_160548.png,19.403052805280527,16.177084294183903,81.91363914617268,1.636963696369637
Class_II,1,IMG_20210703_160555.png,20.182135046473483,16.5562241250427,82.66777610716238,1.6813559322033897
Class_II,1,IMG_20210703_160608.png,22.0980222734255,16.86302946097333,80.98410138248848,1.5746031746031746
Class_II,1,IMG_20210703_160611.png,20.363823262153566,17.180211261377845,75.1922705588369,1.3971830985915492
Class_II,1,IMG_20210703_160616.png,21.02820842602892,17.44961157280696,76.88674916573972,1.4252873563218391
Class_II,1,IMG_20210703_160620.png,24.079247907309107,16.391196933379696,89.73110836055533,1.5696202531645569
Class_II,1,IMG_20210703_160622.png,23.284830367074527,17.148542084915768,82.38743174233997,1.554858934169279
Class_II,1,IMG_20210703_160631.png,20.608037733603144,16.05631138745857,80.2494345911201,1.830258302583026
Class_II,1,IMG_20210703_160636.png,18.630670362903224,16.34169163843576,76.75430527553763,1.7222222222222223
Class_II,1,IMG_20210703_160640.png,18.927879173740802,15.872982345340331,80.46527306168647,1.7403508771929825
Class_II,1,IMG_20210703_160643.png,18.9617913456909,16.185882110255356,78.36974151420318,1.8507462686567164
Class_II,1,IMG_20210703_160648.png,18.274748934875227,16.386449455065545,75.04175289105295,1.8716981132075472
Class_II,1,IMG_20210703_160655.png,18.937809619815667,15.976696257763482,76.18216445852535,1.7714285714285714
Class_II,1,IMG_20210703_160658.png,20.08908357771261,15.979944483625706,82.98590175953079,1.8036363636363637
Class_II,1,IMG_20210703_160701.png,19.912603150787696,16.049047103443,83.06067923230808,1.9224806201550388
Class_II,1,IMG_20210703_160728.png,15.864883136951903,15.32082527248443,70.30059035155496,1.4850299401197604
Class_II,1,IMG_20210703_160731.png,15.688836271567892,15.222839873140474,69.87032304951238,1.441860465116279
Class_II,1,IMG_20210703_160734.png,16.316159579667644,14.949934380732898,75.83805596285436,1.503030303030303
Class_II,1,IMG_20210703_160738.png,15.088346206269877,15.357282843592968,68.26068832348932,1.3971830985915492
Class_II,1,IMG_20210703_160746.png,15.470959291095228,15.271797146505392,72.24840037666603,1.4850299401197604
Class_II,1,IMG_20210703_160753.png,17.532689186447556,13.936546820512879,79.8130832826131,1.559748427672956
Class_II,1,IMG_20210703_160758.png,17.56180946039262,14.301605595569455,81.22865492749334,1.5168195718654434
Class_II,1,IMG_20210703_160811.png,13.397120142961876,11.398441812838964,92.19915574596774,1.4090909090909092
Class_II,1,IMG_20210703_160815.png,13.770452508960574,11.080206959473713,91.08011872759856,1.3777777777777778
Class_II,1,IMG_20210703_160818.png,13.695012614885565,11.486766614583297,83.94119999098936,1.3854748603351956
Class_II,1,IMG_20210703_160825.png,13.963009962049336,11.571406387247755,85.90805858633776,1.4588235294117646
Class_II,1,IMG_20210703_160828.png,14.277390552995392,11.456899109270488,90.16899769585254,1.417142857142857
Class_II,1,IMG_20210703_160833.png,14.56588591081594,11.664262862134269,94.85891247628084,1.4588235294117646
Class_II,1,IMG_20210703_160849.png,16.42609376541383,15.022725396020705,85.73749630068068,1.5168195718654434
Class_II,1,IMG_20210703_160851.png,16.42508064516129,14.974283414080572,84.62536600496279,1.5261538461538462
Class_II,1,IMG_20210703_160855.png,18.836801877708233,15.118794472306524,87.44520943668753,1.480597014925373
Class_II,1,IMG_20210703_160858.png,17.791895535803455,15.373472346372923,88.50917557175671,1.5356037151702786
Class_II,1,IMG_20210703_160915.png,17.67545525494277,16.183215555434547,82.08829344432883,1.6
Class_II,1,IMG_20210703_160919.png,17.330691892757958,16.04048710819785,80.63038747062593,1.6423841059602649
Class_II,1,IMG_20210703_160934.png,16.394721093044264,14.586892493328136,77.5658480126468,1.3008130081300813
Class_II,1,IMG_20210703_160937.png,15.843866424352568,14.623488628620384,72.70911517492048,1.3971830985915492
Class_II,1,IMG_20210703_160946.png,18.07190486378548,15.35333213287748,79.80950173536823,1.2357723577235773
Class_II,1,IMG_20210703_160949.png,17.621550361336947,15.523481343611921,77.4609756097561,1.3008130081300813
Class_II,1,IMG_20210703_160953.png,15.995587233075875,15.570533113130043,70.92585188550659,1.3971830985915492
Class_II,1,IMG_20210703_160959.png,15.954873964392737,15.53815258187022,70.34150802044773,1.355191256830601
Class_II,1,IMG_20210703_161002.png,18.601102770289113,15.573793933716237,79.07622943199777,1.4293948126801153
Class_II,1,IMG_20210703_161007.png,18.78289301424382,15.567657916615707,79.03380289065773,1.6103896103896105
Class_II,1,IMG_20210703_161012.png,18.878436724565756,16.249177082819457,78.94736972704715,1.5261538461538462
Class_II,1,IMG_20210703_161024.png,17.078882522165628,14.855414330893906,96.6124139313337,1.4502923976608186
Class_II,1,IMG_20210703_161027.png,18.200625292192612,15.072030833542367,100.15580294530155,1.4376811594202898
Class_II,1,IMG_20210703_161035.png,16.924672231654405,14.537147630469034,99.35959017166573,1.4502923976608186
Class_II,1,IMG_20210703_161041.png,17.407252134724857,14.486821149498175,101.34697580645161,1.4588235294117646
Class_II,1,IMG_20210703_161045.png,13.484996249062265,14.602086821876673,79.65756282820705,1.9224806201550388
Class_II,1,IMG_20210703_161049.png,12.851314391097775,14.403958637651204,78.95923199549887,1.9224806201550388
Class_II,1,IMG_20210703_161054.png,12.770051887971993,14.35160230015986,76.99593648412103,1.9224806201550388
Class_II,1,IMG_20210703_161058.png,12.793573393348337,14.251974324706394,77.39113684671167,1.9224806201550388
Class_II,1,IMG_20210703_161101.png,12.67351994248562,14.266718878170257,80.30138003250812,1.9224806201550388
Class_II,1,IMG_20210703_161112.png,16.688585607940446,14.026830236580444,95.30151985111662,1.5261538461538462
Class_II,1,IMG_20210703_161116.png,17.383058788489738,13.48141319425357,103.87456469941348,1.4090909090909092
Class_II,1,IMG_20210703_161129.png,15.212708288827173,11.930829640123923,102.01607562486649,1.6423841059602649
Class_II,1,IMG_20210703_161134.png,15.420408428720084,11.403907893078161,104.19871878251821,1.6
Class_II,1,IMG_20210703_161138.png,13.974479542409565,11.166950977571856,96.38343167061734,1.584664536741214
Class_II,1,IMG_20210703_161141.png,15.196260405827264,11.424186958815143,108.66564776274714,1.6
Class_II,1,IMG_20210703_161147.png,16.372214558573855,11.13043596986487,119.6316121073854,1.631578947368421
Class_II,1,IMG_20210703_161202.png,16.345053260978798,15.016956354154319,85.91736383278062,1.5451713395638629
Class_II,1,IMG_20210703_161205.png,16.140442007396754,15.2926109783134,82.92835036983769,1.5796178343949046
Class_II,1,IMG_20210703_161210.png,17.253062718306964,15.4782968244259,85.83082494349702,1.5796178343949046
Class_II,1,IMG_20210703_161215.png,17.949047488265254,15.389362381193457,87.67555303105962,1.5356037151702786
Class_II,1,IMG_20210703_161219.png,17.216367302052785,15.313872048769584,86.07957163803938,1.6103896103896105
Class_II,1,IMG_20210703_161222.png,16.44808312655087,15.087108424691596,84.16018610421837,1.5261538461538462
Class_II,1,IMG_20210703_161226.png,15.054625314201926,14.74954536582713,79.73766757436113,1.6103896103896105
Class_II,1,IMG_20210703_161230.png,14.86091328026812,14.806763695518272,78.72663777754504,1.6103896103896105
Class_II,1,IMG_20210703_161243.png,17.87967375366569,14.079086710535936,100.24953473945409,1.7342657342657342
Class_II,1,IMG_20210703_161247.png,18.293130760368662,13.680975852583932,99.71048387096774,1.7714285714285714
Class_II,1,IMG_20210703_161250.png,16.93124465926084,13.718376777621955,98.35774273659474,1.6423841059602649
Class_II,1,IMG_20210703_161303.png,17.404590465218345,13.842702384630655,102.10825378538512,1.6870748299319729
Class_II,1,IMG_20210703_161306.png,18.065283836528526,14.33486501903727,98.43863362415337,1.7651245551601424
Class_II,1,IMG_20210703_161310.png,16.669476211026,14.862183893813793,87.87754207573633,1.6588628762541806
Class_II,1,IMG_20210703_161316.png,17.036116748558,12.31861145625811,103.31267357402264,1.6423841059602649
Class_II,1,IMG_20210703_161322.png,17.11081404862085,12.61112159822386,104.6669296400187,1.7971014492753623
Class_II,1,IMG_20210703_161328.png,16.327029797703663,13.04539386532096,94.51429743028977,1.6813559322033897
Class_II,1,IMG_20210703_161343.png,18.059371523915463,15.011322424751068,77.26006674082313,1.710344827586207
Class_II,1,IMG_20210703_161347.png,19.843334914611006,15.439386083105186,82.19564125460431,1.7162629757785468
Class_II,1,IMG_20210703_161350.png,21.114259019894348,15.583829051074705,82.20439473979994,1.7282229965156795
Class_II,1,IMG_20210703_161353.png,20.4433137829912,15.995570707979578,76.17712609970674,1.8036363636363637
Class_II,1,IMG_20210703_161356.png,20.287916004089052,16.174501771108854,74.04510023852794,1.7464788732394365
Class_II,1,IMG_20210703_161406.png,19.614699284416176,15.517310357914802,80.33200817810086,1.7464788732394365
Class_II,1,IMG_20210703_161414.png,20.36824089115804,16.009334610708873,76.20280227430959,1.7841726618705036
Class_II,1,IMG_20210703_161423.png,19.52469758064516,16.345788065888655,71.76599942396314,1.7714285714285714
Class_II,1,IMG_20210703_161429.png,18.448204339754003,15.100727416942163,75.59971861220701,1.7841726618705036
Class_II,1,IMG_20210703_161441.png,19.49466610073571,16.298173984470463,82.23478353140916,1.7403508771929825
Class_II,1,IMG_20210703_161448.png,18.445819261674625,16.331717045308302,74.21876091766624,1.7906137184115523
Class_II,1,IMG_20210703_161501.png,17.704430230114532,14.725760553335247,89.65142639487233,1.6156351791530945
Class_II,1,IMG_20210703_161507.png,18.448313782991203,14.473123893401741,96.18653775659824,1.6103896103896105
Class_II,1,IMG_20210703_161511.png,18.448267961876834,14.331554025439198,95.63104838709677,1.6103896103896105
Class_II,1,IMG_20210703_161516.png,17.136546920821115,14.27473792219596,91.85537547130289,1.6103896103896105
Class_II,1,IMG_20210703_161523.png,14.465163165791449,13.856344057544321,82.77352931982996,1.9224806201550388
Class_II,1,IMG_20210703_161532.png,15.235261940485122,13.816300859809276,87.50175825206301,1.9224806201550388
Class_II,1,IMG_20210703_161536.png,17.071365347870067,13.628205978691538,97.65649235697425,1.7282229965156795
Class_II,1,IMG_20210703_161540.png,15.116701050262566,13.256963115186327,87.35075175043761,1.9224806201550388
Class_II,1,IMG_20210703_161550.png,16.530635152139098,12.484568010287378,97.48545098375658,1.7588652482269505
Class_II,1,IMG_20210703_161554.png,15.842268762343647,12.616154701241237,92.10762974544656,1.6870748299319729
Class_II,1,IMG_20210703_161559.png,18.947791793809937,14.813084738094155,96.42198397994768,1.6756756756756757
Class_II,1,IMG_20210703_161607.png,18.809520840261612,16.90961756676259,75.0972383882053,1.70446735395189
Class_II,1,IMG_20210703_161610.png,18.4695836588905,16.726069735955242,72.49057511999106,1.7162629757785468
Class_II,1,IMG_20210703_161614.png,21.34097697404149,16.083246328713926,87.63648582600196,1.67003367003367
Class_II,1,IMG_20210703_161629.png,23.23826123002713,16.071771292569107,89.7037797708773,1.5451713395638629
Class_II,1,IMG_20210703_161636.png,19.328621700879765,16.125218373769634,74.22591642228738,1.8036363636363637
Class_II,1,IMG_20210703_161639.png,19.973759775171064,15.249470128094579,79.9984802663734,1.878787878787879
Class_II,1,IMG_20210703_161647.png,19.5533357771261,15.169356260933576,83.55313049853372,1.8036363636363637
Class_II,1,IMG_20210703_161701.png,16.853947368421053,16.516242069660546,64.00413837011885,1.7403508771929825
Class_II,1,IMG_20210703_161705.png,17.85515263980355,16.35245218198923,68.2682498046657,1.7162629757785468
Class_II,1,IMG_20210703_161709.png,19.69483431555004,15.98240524418395,79.30634175971878,1.5897435897435896
Class_II,1,IMG_20210703_161717.png,17.491431451612904,16.41397446324507,73.579346308933,1.5897435897435896
Class_II,1,IMG_20210703_161721.png,17.73323286629738,16.23045285330531,72.51264662756599,1.67003367003367
Class_II,1,IMG_20210703_161725.png,19.49990181189778,15.955157248568725,79.80495915374948,1.6103896103896105
Class_II,1,IMG_20210703_161728.png,19.73297136586362,15.706644604583257,79.30595396080032,1.5696202531645569
Class_II,1,IMG_20210703_161732.png,18.775443810222036,16.238747191428455,72.85543438416423,1.6103896103896105
Class_II,1,IMG_20210703_161743.png,16.800488758553275,14.643915936478994,88.62985092864125,1.503030303030303
Class_II,1,IMG_20210703_161747.png,16.521674937965262,14.728927890296717,88.14726426799008,1.5261538461538462
Class_II,1,IMG_20210703_161755.png,16.8254692510847,14.77751049141403,88.28198099415205,1.4502923976608186
Class_II,1,IMG_20210703_161758.png,16.589615474520805,15.104633453643412,80.11393174380552,1.4376811594202898
Extra_Class,2,IMG_20210703_142244.png,12.875746714456392,14.841240068873688,59.15693222548061,1.67003367003367
Extra_Class,2,IMG_20210703_142259.png,11.788028130770066,13.501124541945106,66.9263468013468,1.67003367003367
Extra_Class,2,IMG_20210703_142310.png,11.946134734441186,13.490644368117518,68.90305609862061,1.67003367003367
Extra_Class,2,IMG_20210703_142316.png,13.51691715542522,14.17991700136741,72.76651392961877,1.503030303030303
Extra_Class,2,IMG_20210703_142543.png,17.061332410122734,13.244113061130324,100.14449603562507,1.67003367003367
Extra_Class,2,IMG_20210703_142548.png,16.567536928424026,13.621397439228666,97.63753122624091,1.67003367003367
Extra_Class,2,IMG_20210703_142552.png,16.969411860540895,14.54328466619056,87.24771233843815,1.67003367003367
Extra_Class,2,IMG_20210703_142557.png,16.840501792114697,13.486863610530905,95.90786901270772,1.67003367003367
Extra_Class,2,IMG_20210703_142601.png,16.188077006625395,13.533898287718966,95.70267866840447,1.67003367003367
Extra_Class,2,IMG_20210703_142616.png,16.930243293146518,13.697971754589517,99.32950472466601,1.67003367003367
Extra_Class,2,IMG_20210703_142628.png,15.846835288367547,14.813957773153321,79.6089999456935,1.67003367003367
Extra_Class,2,IMG_20210703_142635.png,14.491202346041055,14.441672807462153,76.76879683936136,1.67003367003367
Extra_Class,2,IMG_20210703_142644.png,14.795678559791464,14.356759711909682,80.60669870750516,1.67003367003367
Extra_Class,2,IMG_20210703_142727.png,15.745383946996851,14.178856394129644,85.05711686760074,1.67003367003367
Extra_Class,2,IMG_20210703_142733.png,16.738330889540567,16.24392352004505,75.14398012381884,1.67003367003367
Extra_Class,2,IMG_20210703_142741.png,16.17638753122624,14.852335779200148,80.26414005647877,1.67003367003367
Extra_Class,2,IMG_20210703_142745.png,15.003509557945042,14.940303167891095,76.93250380145541,1.67003367003367
Extra_Class,2,IMG_20210703_142757.png,14.897007711523841,14.317526491987056,83.48258797653959,1.67003367003367
Extra_Class,2,IMG_20210703_142811.png,14.334188660801564,12.718979575106884,100.98361301183881,1.67003367003367
Extra_Class,2,IMG_20210703_142819.png,14.99710918114144,13.03498838374082,97.587158808933,1.5261538461538462
Extra_Class,2,IMG_20210703_143134.png,12.605368198110133,13.242102062901242,76.22912593678723,1.67003367003367
Extra_Class,2,IMG_20210703_143144.png,13.769468882372108,13.80218238899646,78.242756869773,1.67003367003367
Extra_Class,2,IMG_20210703_143150.png,13.94713808025177,12.894621035307363,94.1481547501967,1.5121951219512195
Extra_Class,2,IMG_20210703_143158.png,15.488176800837378,14.764764753784899,78.2039620801218,1.463126843657817
Extra_Class,2,IMG_20210703_143201.png,14.812494189829879,14.457255248444143,82.07453286232222,1.4293948126801153
Extra_Class,2,IMG_20210703_143205.png,13.712678169542386,14.008097827877627,76.4221621811703,1.441860465116279
Extra_Class,2,IMG_20210703_143211.png,15.343239063190454,13.856560556752706,83.46973044631021,1.358904109589041
Extra_Class,2,IMG_20210703_143215.png,15.71173798098285,14.117568888305222,88.19633653248023,1.3663911845730028
Extra_Class,2,IMG_20210703_143220.png,16.209054483182868,14.830526796523609,81.40261359668811,1.3252032520325203
Extra_Class,2,IMG_20210703_143229.png,14.593509184587814,14.061292695515474,77.24209789426523,1.3777777777777778
Extra_Class,2,IMG_20210703_143233.png,15.105649604549898,14.167785735779997,82.71704767617524,1.3663911845730028
Extra_Class,2,IMG_20210703_143239.png,15.87329067321178,14.936010562536593,82.76149412692847,1.3478260869565217
Extra_Class,2,IMG_20210703_143246.png,14.63233137829912,14.372111109975823,69.73360749633432,1.4090909090909092
Extra_Class,2,IMG_20210703_143253.png,16.918897079437325,14.191492475388666,79.96678155422528,1.3360433604336044
Extra_Class,2,IMG_20210703_143258.png,14.811652886961236,14.230439850373608,73.52736739857234,1.3893557422969187
Extra_Class,2,IMG_20210703_143302.png,15.706658030940897,14.47838692113643,75.30848289614971,1.2926829268292683
Extra_Class,2,IMG_20210703_143306.png,15.808473094872937,13.812314851430893,75.33599388732225,1.3360433604336044
Extra_Class,2,IMG_20210703_143309.png,14.90531535194723,14.133730466038962,76.93421884882986,1.3893557422969187
Extra_Class,2,IMG_20210703_143320.png,15.529054458901587,14.590386845696422,74.69670234227698,1.3360433604336044
Extra_Class,2,IMG_20210703_143337.png,17.00862265354474,15.367930568736348,80.91872835793694,1.4011299435028248
Extra_Class,2,IMG_20210703_143343.png,14.43878246603198,14.443084749948307,72.5790911821795,1.4212034383954155
Extra_Class,2,IMG_20210703_143352.png,19.97708144910059,16.247608562660076,87.53468872475128,1.5451713395638629
Extra_Class,2,IMG_20210703_143400.png,19.40960701484895,16.793650542388903,82.25774449564773,1.5746031746031746
Extra_Class,2,IMG_20210703_143408.png,20.12772146209927,16.034271928664197,84.5020598222311,1.5356037151702786
Extra_Class,2,IMG_20210703_143412.png,18.171135316296606,16.26466859100026,76.87660373900293,1.6103896103896105
Extra_Class,2,IMG_20210703_143420.png,16.640667426957748,16.238896811129685,70.87238649940262,1.67003367003367
Extra_Class,2,IMG_20210703_143436.png,19.494148473987185,16.856073667365095,75.21010508308895,1.67003367003367
Extra_Class,2,IMG_20210703_143502.png,19.09649587270555,16.946314973320472,91.97930243293146,1.67003367003367
Extra_Class,2,IMG_20210703_143541.png,18.046187683284458,17.574314223878865,83.7891210492017,1.67003367003367
Extra_Class,2,IMG_20210703_143605.png,17.71392690344303,17.088500936534334,86.9209229390681,1.67003367003367
Extra_Class,2,IMG_20210703_143710.png,17.161670468122082,16.00092905045522,82.3078567937439,1.67003367003367
Extra_Class,2,IMG_20210703_143716.png,15.708000705984578,15.660062842308317,74.14941756272401,1.67003367003367
Extra_Class,2,IMG_20210703_143721.png,16.18463533181275,15.549438420340735,73.06001547735418,1.67003367003367
Extra_Class,2,IMG_20210703_143725.png,15.978623601607472,15.438487873700327,72.39158384924514,1.67003367003367
Extra_Class,2,IMG_20210703_143736.png,14.988021091811415,15.380666433223112,74.08648263027295,1.5261538461538462
Extra_Class,2,IMG_20210703_143740.png,16.166244992620705,15.315833321491647,80.96969876660341,1.6209150326797386
Extra_Class,2,IMG_20210703_143805.png,17.144372646789456,15.770267927156086,96.13001806248091,1.5646687697160884
Extra_Class,2,IMG_20210703_143831.png,19.077068354061407,14.903358791528689,90.96378254955304,1.4939759036144578
Extra_Class,2,IMG_20210703_143837.png,19.092860183520955,16.13363635496005,83.15411266672973,1.4545454545454546
Extra_Class,2,IMG_20210703_143842.png,18.05274417562724,16.775393548737384,76.01927083333334,1.3777777777777778
Extra_Class,2,IMG_20210703_143849.png,18.089185707885303,16.74421553906984,74.05533154121864,1.3777777777777778
Extra_Class,2,IMG_20210703_143859.png,14.71928606106376,13.16558973158512,103.92534253964828,1.6588628762541806
Extra_Class,2,IMG_20210703_143913.png,14.912999359111302,13.093493457540875,105.76067480239266,1.6423841059602649
Extra_Class,2,IMG_20210703_143923.png,15.670999901048882,14.100925025048618,102.4403201068672,1.521472392638037
Extra_Class,2,IMG_20210703_143927.png,15.052402412577935,13.233764643691003,106.62950099394597,1.3893557422969187
Extra_Class,2,IMG_20210703_143931.png,15.28877471383975,12.89977973770064,107.38017689906347,1.6
Extra_Class,2,IMG_20210703_143935.png,15.507989416766799,13.081723401156136,104.85593053886682,1.4212034383954155
Extra_Class,2,IMG_20210703_143945.png,17.086128214908456,14.460896730558225,106.11802528334786,1.6756756756756757
Extra_Class,2,IMG_20210703_143949.png,17.35321540807838,14.440906135848982,109.65305250023107,1.4212034383954155
Extra_Class,2,IMG_20210703_144015.png,16.244114593393856,14.442145518673515,105.27805075333204,1.4850299401197604
Extra_Class,2,IMG_20210703_144022.png,16.17025359502526,14.645830285347214,97.26583147104547,1.4939759036144578
Extra_Class,2,IMG_20210703_144049.png,16.58973595996891,14.441072442286709,101.81848158764089,1.4939759036144578
Extra_Class,2,IMG_20210703_144055.png,16.918320011418785,14.599717127976762,101.31942263773908,1.463126843657817
Extra_Class,2,IMG_20210703_144100.png,16.987338233894757,14.578918566251735,99.50732705300219,1.463126843657817
Extra_Class,2,IMG_20210703_144138.png,18.45416146069968,15.760021120131988,96.93209052703317,1.7464788732394365
Extra_Class,2,IMG_20210703_144157.png,17.891570272618658,16.648741797099856,85.81534430324753,1.67003367003367
Extra_Class,2,IMG_20210703_144206.png,19.90068018898664,15.877718962720733,97.3609889214728,1.67003367003367
Extra_Class,2,IMG_20210703_144221.png,17.60634609586976,14.671022169321363,96.81395713998593,1.5451713395638629
Extra_Class,2,IMG_20210703_144231.png,17.16733870967742,14.875611547930372,91.55204599761052,1.67003367003367
Extra_Class,2,IMG_20210703_144240.png,16.98438009123493,14.913371063908746,89.94174269577495,1.67003367003367
Extra_Class,2,IMG_20210703_144259.png,18.432293363744975,16.283131561598722,91.24563511458673,1.67003367003367
Extra_Class,2,IMG_20210703_144306.png,17.28949316047366,15.084893696076263,94.6554588607595,1.5696202531645569
Extra_Class,2,IMG_20210703_144317.png,15.967321060062995,13.41274076496959,107.55218855218855,1.67003367003367
Extra_Class,2,IMG_20210703_144325.png,15.637381883349626,13.815741970535084,101.62597751710655,1.67003367003367
Extra_Class,2,IMG_20210703_144331.png,15.368029200927683,14.09903785150509,97.31080012650222,1.6209150326797386
Extra_Class,2,IMG_20210703_144347.png,14.82545210166178,13.212333532399251,99.51830808080808,1.67003367003367
Extra_Class,2,IMG_20210703_144354.png,14.871875667592395,12.983804143413854,99.01755100405896,1.6423841059602649
Extra_Class,2,IMG_20210703_144402.png,16.677928478331705,13.800803515309417,106.105958781362,1.67003367003367
Extra_Class,2,IMG_20210703_144407.png,15.547314543282285,13.97665837460116,94.51800260671229,1.67003367003367
Extra_Class,2,IMG_20210703_144415.png,15.542644183773216,13.960874247568402,97.52441077441077,1.67003367003367
Extra_Class,2,IMG_20210703_144429.png,16.188846435822242,13.705994115968448,107.89219349199188,1.7342657342657342
Extra_Class,2,IMG_20210703_144503.png,16.586315524193548,13.824734717081071,107.24744483646954,1.7222222222222223
Extra_Class,2,IMG_20210703_144507.png,16.815651976374376,15.262869411161185,93.67961296001818,1.7464788732394365
Extra_Class,2,IMG_20210703_144511.png,17.415693035449674,16.500076921302743,85.25663256582698,1.7526501766784452
Extra_Class,2,IMG_20210703_144544.png,14.24289199963343,13.432591913568658,91.59982702529325,1.4090909090909092
Extra_Class,2,IMG_20210703_144547.png,14.21287164788185,13.630707566767732,87.39422002526234,1.4939759036144578
Extra_Class,2,IMG_20210703_144559.png,12.953131072677808,12.93025324011844,90.99304071123203,1.4939759036144578
Extra_Class,2,IMG_20210703_144609.png,16.166212219243924,14.729344814268408,86.79660204270266,1.4212034383954155
Extra_Class,2,IMG_20210703_144613.png,15.218958770757778,14.791004917798979,81.19257611185341,1.467455621301775
Extra_Class,2,IMG_20210703_144622.png,16.369804336329985,15.230733698131466,85.15206240084612,1.6262295081967213
Extra_Class,2,IMG_20210703_144631.png,14.967723717450447,14.979695710907182,78.93085041780023,1.4939759036144578
Extra_Class,2,IMG_20210703_144641.png,16.57619236097368,14.966702543543773,86.77640757965565,1.521472392638037
Extra_Class,2,IMG_20210703_144647.png,14.978350903614459,14.894750712792124,78.97873348231636,1.4939759036144578
Extra_Class,2,IMG_20210703_144654.png,16.548412698412697,14.029566971243144,93.01442012288787,1.5746031746031746
Extra_Class,2,IMG_20210703_144728.png,18.587428342401864,15.891687993043183,94.6796115915274,1.4939759036144578
Extra_Class,2,IMG_20210703_144810.png,17.329869727047146,13.803429542906123,103.34566273779984,1.5897435897435896
Extra_Class,2,IMG_20210703_144814.png,16.547314543282287,13.953295163573642,99.33219289670903,1.67003367003367
Extra_Class,2,IMG_20210703_144839.png,14.332142086524975,13.120304066481989,97.49400555615493,1.6588628762541806
Extra_Class,2,IMG_20210703_144926.png,15.628455251439123,12.918833377926125,104.40177310741826,1.67003367003367
Extra_Class,2,IMG_20210703_144930.png,14.291176546126978,13.065505951748685,95.62074943497021,1.5796178343949046
Extra_Class,2,IMG_20210703_144935.png,14.14465870228302,13.060059535070847,94.54758988815972,1.4212034383954155
Extra_Class,2,IMG_20210703_144941.png,16.05807975834165,14.214207835606455,92.37278987917082,1.70446735395189
Extra_Class,2,IMG_20210703_144957.png,16.077624455854448,14.203238444560277,92.7100541355062,1.7162629757785468
Extra_Class,2,IMG_20210703_145012.png,14.840027448503692,15.547399575781457,69.61387485425573,1.4939759036144578
Extra_Class,2,IMG_20210703_145024.png,17.897970528937382,15.442673551624544,95.98931896347248,1.8235294117647058
Extra_Class,2,IMG_20210703_145028.png,19.23678005357741,15.39618466665062,102.55815381180935,1.7162629757785468
Extra_Class,2,IMG_20210703_145037.png,17.227739441303626,15.543108363808223,90.38370191774747,1.70446735395189
Extra_Class,2,IMG_20210703_145042.png,16.834260045274476,15.885880221941376,84.95448500282966,1.7403508771929825
Extra_Class,2,IMG_20210703_145053.png,18.416253101736974,15.761082908041546,91.69807287733305,1.6588628762541806
Extra_Class,2,IMG_20210703_145107.png,18.212323146576118,15.369692810260315,100.87254527447651,1.7403508771929825
Extra_Class,2,IMG_20210703_145120.png,15.946214880332986,15.177457319949335,92.86138787721124,1.6
Extra_Class,2,IMG_20210703_145125.png,15.468781306351433,13.902581481033131,97.05531832298136,1.5403726708074534
Extra_Class,2,IMG_20210703_145143.png,15.203223489061921,14.628182266953791,89.86782767890249,1.4252873563218391
Extra_Class,2,IMG_20210703_145148.png,14.82363453079179,15.091985139665196,84.59429412573314,1.4090909090909092
Extra_Class,2,IMG_20210703_145152.png,15.437134438142502,15.709188908385618,82.159911157391,1.3626373626373627
Extra_Class,2,IMG_20210703_145157.png,18.487223877980366,17.456113292879596,85.78017071353436,1.3478260869565217
Extra_Class,2,IMG_20210703_145204.png,17.847996613840376,17.238195945440744,88.76868022229918,1.3360433604336044
Extra_Class,2,IMG_20210703_145214.png,14.907836657759114,16.48823143243276,77.51859849207864,1.467455621301775
Extra_Class,2,IMG_20210703_145216.png,16.106140331442752,16.60282061810934,83.79848679546261,1.3626373626373627
Extra_Class,2,IMG_20210703_145222.png,17.35819693643825,15.674477193109404,91.22748854743271,1.467455621301775
Extra_Class,2,IMG_20210703_145233.png,15.997685185185185,14.846852591636832,93.00474163679809,1.5308641975308641
Extra_Class,2,IMG_20210703_145244.png,17.752822580645162,14.667400680153102,104.95571590265988,1.7403508771929825
Extra_Class,2,IMG_20210703_145248.png,18.55219298245614,14.988052901201323,106.61288200339558,1.7403508771929825
Extra_Class,2,IMG_20210703_145252.png,17.94794142614601,15.217830213331192,99.08293010752688,1.7403508771929825
Extra_Class,2,IMG_20210703_145304.png,16.024837294850027,14.175476752945585,105.14364742501415,1.7403508771929825
Extra_Class,2,IMG_20210703_145309.png,15.917756083757782,14.160056007527547,100.37664827391059,1.7403508771929825
Extra_Class,2,IMG_20210703_145317.png,17.431798245614036,14.12416653361979,105.61337719298245,1.7403508771929825
Extra_Class,2,IMG_20210703_145323.png,17.612252405206565,14.628380690924473,102.36907187323146,1.7403508771929825
Extra_Class,2,IMG_20210703_145328.png,18.390577249575554,14.873660418890939,105.49921477079796,1.7403508771929825
Extra_Class,2,IMG_20210703_145333.png,18.406437464629317,15.145599841282548,102.14048528579514,1.7403508771929825
Extra_Class,2,IMG_20210703_145338.png,17.58748585172609,15.073821379825569,96.69099462365591,1.7403508771929825
Extra_Class,2,IMG_20210703_145345.png,16.058092812676854,14.310771521313777,98.53313525749859,1.7403508771929825
Extra_Class,2,IMG_20210703_145357.png,14.315867851906159,12.694870435784836,108.03419018817205,1.878787878787879
Extra_Class,2,IMG_20210703_145409.png,14.704792183622828,13.135440854400079,104.45307071960298,1.9076923076923078
Extra_Class,2,IMG_20210703_145416.png,16.621583191850593,13.626389211712617,107.76515280135824,1.7403508771929825
Extra_Class,2,IMG_20210703_145422.png,16.134380305602715,13.812907060767575,102.67594086021505,1.7403508771929825
Extra_Class,2,IMG_20210703_145437.png,17.23050887547306,15.143151033032662,104.66478757433772,1.3854748603351956
Extra_Class,2,IMG_20210703_145441.png,15.143133124699085,14.953751295575096,93.24619643716899,1.480597014925373
Extra_Class,2,IMG_20210703_145454.png,13.856389578163771,14.717266622603013,85.70887717121587,1.5261538461538462
Extra_Class,2,IMG_20210703_145504.png,16.690552831744867,16.382905993439266,87.95696824596774,1.4090909090909092
Extra_Class,2,IMG_20210703_145510.png,17.614552785923753,15.534813947221242,102.27502978372434,1.4090909090909092
Extra_Class,2,IMG_20210703_145538.png,17.281937060731664,15.084949424516104,104.33590511803929,1.3854748603351956
Extra_Class,2,IMG_20210703_145544.png,15.76753333022562,14.92530908977531,94.94784285847473,1.4335260115606936
Extra_Class,2,IMG_20210703_145602.png,15.787182071960297,13.196801576378103,108.72713115177832,1.5897435897435896
Extra_Class,2,IMG_20210703_145607.png,15.964381720430108,13.223440839368719,108.58064516129032,1.67003367003367
Extra_Class,2,IMG_20210703_145612.png,15.410936050705967,13.242505428371135,101.44641476862826,1.584664536741214
Extra_Class,2,IMG_20210703_145632.png,14.963603913273401,13.174043334875424,99.20514278159703,1.6262295081967213
Extra_Class,2,IMG_20210703_145708.png,13.842796007910023,11.638806099488658,117.95019157088123,1.9003831417624522
Extra_Class,2,IMG_20210703_145727.png,16.388230846774192,13.615342614188533,108.323055028463,1.8235294117647058
Extra_Class,2,IMG_20210703_145739.png,17.033894343151005,13.885462797358645,106.47324976624591,1.7971014492753623
Extra_Class,2,IMG_20210703_145749.png,19.97123197702835,14.336136484923129,115.63944128787878,1.878787878787879
Extra_Class,2,IMG_20210703_145801.png,15.715265987549518,14.026766558235094,100.29413554046407,1.7403508771929825
Extra_Class,2,IMG_20210703_145806.png,15.86347721271955,14.095455633180904,100.94401475146367,1.7651245551601424
Extra_Class,2,IMG_20210703_145815.png,16.354056788912057,13.674816623719208,106.51423555746351,1.8859315589353611
Extra_Class,2,IMG_20210703_145819.png,15.824627437752975,13.680903067688803,102.97592143996076,1.8859315589353611
Extra_Class,2,IMG_20210703_150359.png,19.710933015727242,15.665810675691564,85.6140798989783,1.7651245551601424
Extra_Class,2,IMG_20210703_150405.png,20.39824954148236,15.674766324949283,86.52219090516776,1.6588628762541806
Extra_Class,2,IMG_20210703_150415.png,20.439481957353745,14.791110226138887,91.82566293056315,1.6813559322033897
Extra_Class,2,IMG_20210703_150426.png,15.673323092677931,13.564075435254562,92.73130440348183,1.5746031746031746
Extra_Class,2,IMG_20210703_150431.png,15.785582465365557,13.456641455196621,96.89834664779048,1.554858934169279
Extra_Class,2,IMG_20210703_150439.png,16.066260491455154,15.349691788538694,79.84145894428153,1.554858934169279
Extra_Class,2,IMG_20210703_150443.png,17.862028535980148,16.219157861649943,80.58571960297766,1.5261538461538462
Extra_Class,2,IMG_20210703_150447.png,17.543517839687194,16.15892441834981,77.02484115347019,1.503030303030303
Extra_Class,2,IMG_20210703_150457.png,17.307368035190617,15.652983702516153,85.2926380742913,1.503030303030303
Extra_Class,2,IMG_20210703_150515.png,14.757279286926995,12.629113888625305,97.90674165251839,1.7403508771929825
Extra_Class,2,IMG_20210703_150520.png,12.526437015411123,12.89786809070518,81.85687278644588,1.4718100890207715
Extra_Class,2,IMG_20210703_150534.png,18.88145781637717,16.457326533616467,75.47888337468983,1.5261538461538462
Extra_Class,2,IMG_20210703_150539.png,18.682013685239493,16.434724820141987,73.72544599217986,1.503030303030303
Extra_Class,2,IMG_20210703_150550.png,15.926136363636363,16.003589488581596,72.12768206256109,1.503030303030303
Extra_Class,2,IMG_20210703_150553.png,15.095647164896814,15.866160647225335,66.48796583850931,1.5403726708074534
Extra_Class,2,IMG_20210703_150614.png,13.044492302052786,14.622064879506013,61.1634610978739,1.4090909090909092
Extra_Class,2,IMG_20210703_150623.png,16.805178630408456,16.415517285204675,66.91281790157437,1.6928327645051195
Extra_Class,2,IMG_20210703_150628.png,16.717276674937967,16.252161983390675,70.29876188999172,1.5897435897435896
Extra_Class,2,IMG_20210703_150636.png,17.73852203768764,15.960359347710751,78.98924731182795,1.636963696369637
Extra_Class,2,IMG_20210703_150640.png,17.18428102788409,15.673529730573556,75.73996719518863,1.6813559322033897
Extra_Class,2,IMG_20210703_150647.png,16.56164782174925,15.695183626177531,72.34690583083915,1.70446735395189
Extra_Class,2,IMG_20210703_150709.png,12.848593168958274,14.131477954526416,61.53621405334708,1.3252032520325203
Extra_Class,2,IMG_20210703_150740.png,14.702354009945173,14.127469963368055,81.07787995664924,1.9604743083003953
Extra_Class,2,IMG_20210703_150750.png,15.057869203629032,14.222135690352115,82.73587134576613,1.9375
Extra_Class,2,IMG_20210703_150812.png,12.540040823482268,11.470744962744881,98.0337106792226,1.5403726708074534
Extra_Class,2,IMG_20210703_150822.png,15.912060117302053,13.830933098305314,82.17641129032258,1.503030303030303
Extra_Class,2,IMG_20210703_150943.png,14.120391705069125,11.360425914493801,110.54065540194573,1.5746031746031746
Extra_Class,2,IMG_20210703_150947.png,13.247479838709678,11.597613459070882,98.50864055299539,1.6103896103896105
Extra_Class,2,IMG_20210703_151000.png,16.954433118910227,14.232960604926815,77.86925314539779,1.4545454545454546
Extra_Class,2,IMG_20210703_151004.png,13.887762163313106,14.251876920927344,61.951978867241564,1.636963696369637
Extra_Class,2,IMG_20210703_151010.png,17.058048278848236,14.120697769591944,73.21427798224724,1.6644295302013423
Extra_Class,2,IMG_20210703_151016.png,16.478201368523948,14.709786256806607,77.42603250244379,1.503030303030303
Extra_Class,2,IMG_20210703_151044.png,14.063193689261734,14.635912991694777,72.91623657213218,1.2764227642276422
Extra_Class,2,IMG_20210703_151055.png,12.923900902510946,14.619705816152543,70.98630037530158,1.373961218836565
Extra_Class,2,IMG_20210703_151157.png,17.238716077828983,15.147620932282516,79.55643241167435,1.5746031746031746
